date;actual;prev;art
nov-18;0;0;36633331
d‚c-18;0;0;36633331
janv-19;0;0;36633331
f‚vr-19;0;0;36633331
mars-19;0;0;36633331
avr-19;0;0;36633331
mai-19;0;0;36633331
juin-19;0;0;36633331
juil-19;3;0;36633331
ao–t-19;0;0;36633331
nov-18;1;1.754276075;60191215
d‚c-18;2;2.833507465;60191215
janv-19;0;0.906544331;60191215
f‚vr-19;0;0.890996907;60191215
mars-19;0;0.870243854;60191215
avr-19;1;1.778981862;60191215
mai-19;1;1.749242049;60191215
juin-19;0;0.781660702;60191215
juil-19;3;2.662410968;60191215
ao–t-19;0;0.707168169;60191215
nov-18;0;-0.719868349;60191530
d‚c-18;0;-0.718859591;60191530
janv-19;3;0.814955522;60191530
f‚vr-19;1;0.249911459;60191530
mars-19;0;-0.713692342;60191530
avr-19;1;0.254030036;60191530
mai-19;0;-0.709370624;60191530
juin-19;0;-0.707200442;60191530
juil-19;0;-0.705121337;60191530
ao–t-19;0;-0.703194838;60191530
nov-18;1;0.645256083;60388524
d‚c-18;1;0.692618426;60388524
janv-19;3;2.661268205;60388524
f‚vr-19;2;1.331257645;60388524
mars-19;3;2.656593925;60388524
avr-19;2;1.360829444;60388524
mai-19;2;1.356143235;60388524
juin-19;1;0.86147241;60388524
juil-19;3;2.686754235;60388524
ao–t-19;1;0.616659329;60388524
nov-18;0;0.299848276;60388552
d‚c-18;0;0.295065629;60388552
janv-19;1;0.760323438;60388552
f‚vr-19;2;2.158382666;60388552
mars-19;1;0.712298067;60388552
avr-19;0;0.058321304;60388552
mai-19;1;0.6368516;60388552
juin-19;3;1.938189959;60388552
juil-19;6;2.421884409;60388552
ao–t-19;0;-0.13483653;60388552
nov-18;1;-0.668494005;60388573
d‚c-18;1;-0.565368836;60388573
janv-19;2;0.726954087;60388573
f‚vr-19;1;-0.46140867;60388573
mars-19;4;2.706915143;60388573
avr-19;1;-0.638653308;60388573
mai-19;-1;-1.180862461;60388573
juin-19;3;0.846863671;60388573
juil-19;4;2.67106559;60388573
ao–t-19;2;0.786078309;60388573
nov-18;1;1.18937942;60388580
d‚c-18;0;0.34376446;60388580
janv-19;1;1.138707688;60388580
f‚vr-19;1;1.111518341;60388580
mars-19;0;0.161163054;60388580
avr-19;0;0.009110941;60388580
mai-19;0;0.110699454;60388580
juin-19;1;1.012362794;60388580
juil-19;2;2.234653026;60388580
ao–t-19;0;0.159317256;60388580
nov-18;0;1.643697795;60454576
d‚c-18;1;1.650331697;60454576
janv-19;1;1.915170343;60454576
f‚vr-19;1;1.915988626;60454576
mars-19;3;4.478546808;60454576
avr-19;1;1.908772974;60454576
mai-19;2;3.188515168;60454576
juin-19;0;1.890525847;60454576
juil-19;7;4.525104491;60454576
ao–t-19;3;4.510424706;60454576
nov-18;2;2.541949099;60454590
d‚c-18;1;2.539831276;60454590
janv-19;0;2.870640552;60454590
f‚vr-19;6;6.421375383;60454590
mars-19;6;6.42143454;60454590
avr-19;3;3.861929896;60454590
mai-19;6;6.425346568;60454590
juin-19;1;2.545447036;60454590
juil-19;6;6.435423488;60454590
ao–t-19;2;2.558920634;60454590
nov-18;6;5.38606976;61117735
d‚c-18;5;5.386797206;61117735
janv-19;4;4.909586755;61117735
f‚vr-19;6;5.261054422;61117735
mars-19;5;5.242753982;61117735
avr-19;1;3.453149001;61117735
mai-19;5;5.295792167;61117735
juin-19;3;4.07632402;61117735
juil-19;3;4.174336421;61117735
ao–t-19;1;3.773674094;61117735
nov-18;11;12.96674126;62182680
d‚c-18;18;12.92695589;62182680
janv-19;20;13.23551701;62182680
f‚vr-19;10;11.48663241;62182680
mars-19;11;13.14514398;62182680
avr-19;16;13.10055542;62182680
mai-19;6;10.21153897;62182680
juin-19;7;9.395787284;62182680
juil-19;13;12.63058028;62182680
ao–t-19;3;7.548852958;62182680
nov-18;90;111.9636356;62183023
d‚c-18;97;125.9298687;62183023
janv-19;82;111.2942661;62183023
f‚vr-19;89;110.8197699;62183023
mars-19;94;110.2667201;62183023
avr-19;92;109.6479953;62183023
mai-19;88;108.9776713;62183023
juin-19;79;103.3571489;62183023
juil-19;85;107.5427087;62183023
ao–t-19;85;106.8094225;62183023
nov-18;1;-0.224138722;62594840
d‚c-18;-1;-0.224903223;62594840
janv-19;0;0.195689447;62594840
f‚vr-19;0;-0.139517561;62594840
mars-19;0;-0.261623291;62594840
avr-19;0;0.072758176;62594840
mai-19;0;0.103369859;62594840
juin-19;0;0.103436501;62594840
juil-19;0;0.072955319;62594840
ao–t-19;0;-0.26130386;62594840
nov-18;15;17.59303548;63931931
d‚c-18;18;17.51476653;63931931
janv-19;15;17.52236709;63931931
f‚vr-19;10;14.91907863;63931931
mars-19;14;17.63955003;63931931
avr-19;18;17.24478403;63931931
mai-19;15;17.45906842;63931931
juin-19;12;16.35816428;63931931
juil-19;23;17.00503212;63931931
ao–t-19;11;14.61306438;63931931
nov-18;0;-2.475830245;63932421
d‚c-18;0;-2.517688594;63932421
janv-19;0;-2.573008805;63932421
f‚vr-19;0;-2.641230057;63932421
mars-19;1;-2.721501301;63932421
avr-19;0;-2.81270579;63932421
mai-19;0;-2.913491753;63932421
juin-19;0;-3.02230834;63932421
juil-19;0;-3.137445874;63932421
ao–t-19;0;-3.25707934;63932421
nov-18;202;216.9525417;64133391
d‚c-18;310;218.2997887;64133391
janv-19;194;215.000888;64133391
f‚vr-19;207;214.1866411;64133391
mars-19;241;215.8929253;64133391
avr-19;236;213.0596667;64133391
mai-19;227;212.8041925;64133391
juin-19;185;213.3580813;64133391
juil-19;190;213.0073089;64133391
ao–t-19;180;205.667408;64133391
nov-18;12;10.98989885;64133804
d‚c-18;10;10.99185955;64133804
janv-19;16;12.94614957;64133804
f‚vr-19;11;10.81298465;64133804
mars-19;18;13.02313589;64133804
avr-19;12;10.91891094;64133804
mai-19;14;13.15703946;64133804
juin-19;21;13.24363234;64133804
juil-19;13;13.34190391;64133804
ao–t-19;13;13.45051065;64133804
nov-18;13;28.21481404;64937481
d‚c-18;23;28.12312544;64937481
janv-19;34;37.83851894;64937481
f‚vr-19;50;50.17044387;64937481
mars-19;53;50.21331671;64937481
avr-19;59;50.30461726;64937481
mai-19;50;50.44391911;64937481
juin-19;41;48.20487575;64937481
juil-19;38;46.73703644;64937481
ao–t-19;20;29.02437722;64937481
nov-18;302;445.765377;65742852
d‚c-18;341;442.4889133;65742852
janv-19;330;452.2906454;65742852
f‚vr-19;438;536.2535562;65742852
mars-19;571;571.261749;65742852
avr-19;549;566.9816032;65742852
mai-19;670;562.7639708;65742852
juin-19;627;558.7315305;65742852
juil-19;401;506.0550883;65742852
ao–t-19;478;532.4737286;65742852
nov-18;185;201.818322;65752911
d‚c-18;321;201.3842898;65752911
janv-19;272;206.0778887;65752911
f‚vr-19;293;206.0338334;65752911
mars-19;273;206.2044981;65752911
avr-19;213;206.595412;65752911
mai-19;193;207.2060833;65752911
juin-19;252;208.0299625;65752911
juil-19;298;209.0545803;65752911
ao–t-19;194;210.261856;65752911
nov-18;24;25.73667615;65774121
d‚c-18;27;25.54655157;65774121
janv-19;29;25.33650738;65774121
f‚vr-19;33;25.11339928;65774121
mars-19;15;23.6325253;65774121
avr-19;31;24.6563435;65774121
mai-19;17;22.63228052;65774121
juin-19;23;24.23171185;65774121
juil-19;29;24.04816384;65774121
ao–t-19;24;23.8917148;65774121
nov-18;11;12.11327659;65998023
d‚c-18;10;12.09377291;65998023
janv-19;21;13.19009385;65998023
f‚vr-19;56;12.77946197;65998023
mars-19;41;12.77139366;65998023
avr-19;20;13.16690632;65998023
mai-19;6;11.22406942;65998023
juin-19;8;10.82627287;65998023
juil-19;9;10.97506837;65998023
ao–t-19;9;10.60614629;65998023
nov-18;159;171.1352226;66192686
d‚c-18;165;171.1465369;66192686
janv-19;181;170.9985483;66192686
f‚vr-19;164;170.6875714;66192686
mars-19;162;170.2126765;66192686
avr-19;200;169.5757752;66192686
mai-19;181;168.7816477;66192686
juin-19;205;167.8379086;66192686
juil-19;199;166.7549127;66192686
ao–t-19;178;165.5456009;66192686
nov-18;1238;1354.41075;66416903
d‚c-18;548;1037.991679;66416903
janv-19;417;1055.232915;66416903
f‚vr-19;317;1119.087055;66416903
mars-19;339;1082.622606;66416903
avr-19;258;1077.8499;66416903
mai-19;241;1074.022024;66416903
juin-19;350;1071.23751;66416903
juil-19;1702;1734.382426;66416903
ao–t-19;633;1005.97165;66416903
nov-18;0;-1.948879316;66446996
d‚c-18;0;-1.939691687;66446996
janv-19;1;-1.611622796;66446996
f‚vr-19;0;-1.596079522;66446996
mars-19;0;-1.580669635;66446996
avr-19;0;-1.567782928;66446996
mai-19;0;-1.559845806;66446996
juin-19;0;-1.559238704;66446996
juil-19;1;-1.88287886;66446996
ao–t-19;0;-1.903483963;66446996
nov-18;1;1.730450649;66998946
d‚c-18;2;1.982785218;66998946
janv-19;0;1.636153251;66998946
f‚vr-19;1;1.660349039;66998946
mars-19;1;1.688777362;66998946
avr-19;1;1.720812612;66998946
mai-19;7;5.93652201;66998946
juin-19;2;2.031165573;66998946
juil-19;9;5.971146592;66998946
ao–t-19;3;2.108530913;66998946
nov-18;17;21.09128321;66998960
d‚c-18;15;16.78951221;66998960
janv-19;10;16.02953496;66998960
f‚vr-19;10;16.71984319;66998960
mars-19;13;16.76245587;66998960
avr-19;22;22.24941555;66998960
mai-19;17;21.32765532;66998960
juin-19;11;16.89314634;66998960
juil-19;17;21.40911601;66998960
ao–t-19;5;16.08203411;66998960
nov-18;23;24.63557887;66998995
d‚c-18;12;19.71088275;66998995
janv-19;11;19.48721419;66998995
f‚vr-19;17;24.57975508;66998995
mars-19;19;25.00771443;66998995
avr-19;27;24.42718691;66998995
mai-19;20;24.32118823;66998995
juin-19;10;19.26768444;66998995
juil-19;15;23.25359289;66998995
ao–t-19;10;19.33842917;66998995
nov-18;14;14.91719422;66999072
d‚c-18;12;12.79036854;66999072
janv-19;11;12.98367973;66999072
f‚vr-19;11;13.15603989;66999072
mars-19;11;13.2000011;66999072
avr-19;14;15.74747876;66999072
mai-19;13;16.11627273;66999072
juin-19;13;15.21827397;66999072
juil-19;12;13.29074921;66999072
ao–t-19;6;11.33840906;66999072
nov-18;3;2.838119019;66999093
d‚c-18;2;2.839410198;66999093
janv-19;1;1.777448866;66999093
f‚vr-19;0;0.929298377;66999093
mars-19;1;1.770394195;66999093
avr-19;0;0.912755838;66999093
mai-19;1;1.749080968;66999093
juin-19;3;2.791406949;66999093
juil-19;5;2.771663459;66999093
ao–t-19;2;2.759239182;66999093
nov-18;18;25.84630265;66999114
d‚c-18;34;25.85499204;66999114
janv-19;11;19.25905123;66999114
f‚vr-19;19;25.83923499;66999114
mars-19;22;25.81608902;66999114
avr-19;21;25.78391106;66999114
mai-19;22;25.74372639;66999114
juin-19;25;25.69665428;66999114
juil-19;18;25.64387487;66999114
ao–t-19;17;25.5865962;66999114
nov-18;0;0.028319271;66999142
d‚c-18;0;0.070239727;66999142
janv-19;0;0.358957891;66999142
f‚vr-19;0;0.234056316;66999142
mars-19;0;0.367858946;66999142
avr-19;0;0.220490566;66999142
mai-19;0;0.060648033;66999142
juin-19;0;0.075737793;66999142
juil-19;0;0.079693024;66999142
ao–t-19;0;0.083235649;66999142
nov-18;3;3.654644602;66999240
d‚c-18;6;6.242404523;66999240
janv-19;6;6.39817558;66999240
f‚vr-19;5;5.839304832;66999240
mars-19;6;6.426471854;66999240
avr-19;6;6.440931037;66999240
mai-19;4;3.563544287;66999240
juin-19;4;3.772823213;66999240
juil-19;3;3.7661527;66999240
ao–t-19;3;3.779403049;66999240
nov-18;15;20.88166529;66999254
d‚c-18;11;20.19594496;66999254
janv-19;21;22.45047257;66999254
f‚vr-19;8;19.62229118;66999254
mars-19;15;21.18838813;66999254
avr-19;15;20.60778668;66999254
mai-19;23;35.70454871;66999254
juin-19;17;21.67697401;66999254
juil-19;13;20.43665653;66999254
ao–t-19;6;20.65051733;66999254
nov-18;36;42.29367524;66999282
d‚c-18;52;45.00628251;66999282
janv-19;35;48.86059883;66999282
f‚vr-19;40;49.16755109;66999282
mars-19;60;51.99822445;66999282
avr-19;86;48.89184741;66999282
mai-19;90;49.27406734;66999282
juin-19;78;47.58468987;66999282
juil-19;94;45.6118335;66999282
ao–t-19;100;47.83337404;66999282
nov-18;2;1.624335439;66999310
d‚c-18;3;3.3588729;66999310
janv-19;2;2.297751953;66999310
f‚vr-19;2;2.311793646;66999310
mars-19;3;3.40061052;66999310
avr-19;2;2.34521654;66999310
mai-19;2;2.363783521;66999310
juin-19;1;2.125485613;66999310
juil-19;3;3.475484993;66999310
ao–t-19;4;5.130783539;66999310
nov-18;2;3.051982857;66999331
d‚c-18;2;3.033070089;66999331
janv-19;4;3.792468121;66999331
f‚vr-19;2;3.177803583;66999331
mars-19;3;3.773135719;66999331
avr-19;5;3.771074545;66999331
mai-19;0;1.345636053;66999331
juin-19;1;1.57539595;66999331
juil-19;2;3.198861664;66999331
ao–t-19;4;3.82487972;66999331
nov-18;18;20.45522536;66999373
d‚c-18;32;23.43841441;66999373
janv-19;28;24.61224233;66999373
f‚vr-19;36;24.59043462;66999373
mars-19;43;24.57148115;66999373
avr-19;41;24.55645338;66999373
mai-19;36;24.54608023;66999373
juin-19;25;23.92715319;66999373
juil-19;30;23.34338617;66999373
ao–t-19;19;20.4218048;66999373
nov-18;1;1.32705972;66999380
d‚c-18;1;1.333368842;66999380
janv-19;0;0.257687892;66999380
f‚vr-19;1;1.350614303;66999380
mars-19;1;1.361140256;66999380
avr-19;0;0.289014673;66999380
mai-19;1;1.384750251;66999380
juin-19;1;1.397275314;66999380
juil-19;3;1.409892575;66999380
ao–t-19;1;1.422311783;66999380
nov-18;0;0.007633266;66999394
d‚c-18;1;0.973793221;66999394
janv-19;0;0.121856214;66999394
f‚vr-19;0;0.129953986;66999394
mars-19;1;0.997825926;66999394
avr-19;0;0.046728544;66999394
mai-19;1;1.01771216;66999394
juin-19;2;1.027951981;66999394
juil-19;0;0.093113804;66999394
ao–t-19;2;1.047594146;66999394
nov-18;2;1.217795545;66999401
d‚c-18;0;0.082430893;66999401
janv-19;0;0.118091113;66999401
f‚vr-19;1;1.238897556;66999401
mars-19;2;1.245826985;66999401
avr-19;0;0.13869898;66999401
mai-19;1;1.258433057;66999401
juin-19;0;0.065821769;66999401
juil-19;0;0.210423749;66999401
ao–t-19;0;0.12983975;66999401
nov-18;8;6.060364474;66999436
d‚c-18;12;6.040831473;66999436
janv-19;15;5.307837544;66999436
f‚vr-19;17;5.255428852;66999436
mars-19;18;5.187691197;66999436
avr-19;18;5.105766192;66999436
mai-19;11;5.707829518;66999436
juin-19;14;5.602031666;66999436
juil-19;8;5.487010327;66999436
ao–t-19;4;5.364820101;66999436
nov-18;40;50.82430707;67871090
d‚c-18;34;39.37286502;67871090
janv-19;29;42.97688078;67871090
f‚vr-19;29;42.89506744;67871090
mars-19;35;40.02512107;67871090
avr-19;52;50.42397233;67871090
mai-19;65;50.29508621;67871090
juin-19;45;50.15567455;67871090
juil-19;52;50.00875387;67871090
ao–t-19;58;49.85750129;67871090
nov-18;23;28.8431834;67871104
d‚c-18;21;26.00390866;67871104
janv-19;26;29.09006691;67871104
f‚vr-19;21;26.44729797;67871104
mars-19;22;27.79510503;67871104
avr-19;19;25.8354066;67871104
mai-19;17;25.49738469;67871104
juin-19;17;25.15012505;67871104
juil-19;11;20.59771052;67871104
ao–t-19;15;21.05268455;67871104
nov-18;203;221.367818;68322520
d‚c-18;240;221.8375764;68322520
janv-19;198;232.5654235;68322520
f‚vr-19;215;233.0392797;68322520
mars-19;251;233.5057337;68322520
avr-19;302;233.9592051;68322520
mai-19;302;234.3948869;68322520
juin-19;253;234.8088927;68322520
juil-19;174;227.0516983;68322520
ao–t-19;226;225.3087905;68322520
nov-18;0;-0.218971141;68907671
d‚c-18;0;-0.213004677;68907671
janv-19;1;0.453266379;68907671
f‚vr-19;1;0.460145814;68907671
mars-19;0;-0.195842232;68907671
avr-19;1;0.473981851;68907671
mai-19;1;0.762846079;68907671
juin-19;4;0.703903098;68907671
juil-19;0;-0.171066797;68907671
ao–t-19;2;0.786153858;68907671
nov-18;42;23.52886368;69028393
d‚c-18;36;21.82453497;69028393
janv-19;60;6.042605118;69028393
f‚vr-19;54;4.483859333;69028393
mars-19;38;9.981538421;69028393
avr-19;28;4.360648136;69028393
mai-19;8;3.332603973;69028393
juin-19;109;7.827902373;69028393
juil-19;47;16.63755339;69028393
ao–t-19;52;16.39497029;69028393
nov-18;267;279.632129;69028421
d‚c-18;365;279.8419347;69028421
janv-19;212;277.8336107;69028421
f‚vr-19;246;280.4695272;69028421
mars-19;296;280.8879707;69028421
avr-19;266;281.3729043;69028421
mai-19;257;281.9190013;69028421
juin-19;234;280.2316799;69028421
juil-19;240;283.1621424;69028421
ao–t-19;262;283.8376948;69028421
nov-18;56;66.77675966;69239723
d‚c-18;59;59.9639594;69239723
janv-19;41;116.7772767;69239723
f‚vr-19;61;109.4477702;69239723
mars-19;188;99.29136308;69239723
avr-19;1651;466.8289501;69239723
mai-19;613;237.2459695;69239723
juin-19;245;193.5697677;69239723
juil-19;197;79.05348086;69239723
ao–t-19;131;48.35111211;69239723
nov-18;493;302.9290588;69239730
d‚c-18;1001;741.7266114;69239730
janv-19;384;171.3131472;69239730
f‚vr-19;295;202.0682886;69239730
mars-19;280;163.1778931;69239730
avr-19;216;160.5354179;69239730
mai-19;239;178.7363496;69239730
juin-19;256;176.6970865;69239730
juil-19;233;224.0294425;69239730
ao–t-19;190;209.8620438;69239730
nov-18;58;84.01840647;69278426
d‚c-18;100;90.14214897;69278426
janv-19;78;90.04472591;69278426
f‚vr-19;71;90.03861797;69278426
mars-19;90;89.86108695;69278426
avr-19;68;85.67811585;69278426
mai-19;75;89.73397301;69278426
juin-19;72;90.79705916;69278426
juil-19;76;89.70164637;69278426
ao–t-19;64;84.01401013;69278426
nov-18;39;34.85215046;69278461
d‚c-18;63;34.9901407;69278461
janv-19;46;35.16091901;69278461
f‚vr-19;31;35.36075878;69278461
mars-19;37;35.58508721;69278461
avr-19;34;35.82860754;69278461
mai-19;38;36.0854411;69278461
juin-19;31;36.3492857;69278461
juil-19;28;32.23409503;69278461
ao–t-19;23;32.49222028;69278461
nov-18;66;84.1705988;69414961
d‚c-18;99;84.204999;69414961
janv-19;92;84.1913126;69414961
f‚vr-19;59;84.13287793;69414961
mars-19;29;68.81255452;69414961
avr-19;26;68.67757774;69414961
mai-19;19;70.06593342;69414961
juin-19;27;68.32165061;69414961
juil-19;41;70.69148382;69414961
ao–t-19;45;71.08519867;69414961
nov-18;4;-38.20110506;69418580
d‚c-18;16;-104.4801286;69418580
janv-19;4;-42.38516842;69418580
f‚vr-19;6;-39.89449726;69418580
mars-19;3;-36.00580622;69418580
avr-19;13;-79.23044361;69418580
mai-19;1;-24.2974665;69418580
juin-19;0;-16.70484518;69418580
juil-19;1;-8.16309039;69418580
ao–t-19;0;1.132305799;69418580
nov-18;24;25.0829928;69491121
d‚c-18;46;49.16810632;69491121
janv-19;28;27.92973109;69491121
f‚vr-19;32;46.04048882;69491121
mars-19;43;48.99187149;69491121
avr-19;21;21.86921748;69491121
mai-19;25;24.22138797;69491121
juin-19;17;18.32693299;69491121
juil-19;9;16.03069545;69491121
ao–t-19;6;12.22491112;69491121
nov-18;27;30.83353804;69506801
d‚c-18;44;36.36418963;69506801
janv-19;47;36.44006204;69506801
f‚vr-19;45;36.26835048;69506801
mars-19;51;38.36887448;69506801
avr-19;42;32.31290505;69506801
mai-19;30;33.07928706;69506801
juin-19;27;33.31546149;69506801
juil-19;14;33.49298387;69506801
ao–t-19;27;33.60790481;69506801
nov-18;2;2.532787649;69506815
d‚c-18;1;1.555622411;69506815
janv-19;2;2.569614385;69506815
f‚vr-19;0;1.214512721;69506815
mars-19;3;3.018300454;69506815
avr-19;2;2.546842149;69506815
mai-19;0;1.165923087;69506815
juin-19;1;1.392800503;69506815
juil-19;1;1.266253921;69506815
ao–t-19;1;1.305474433;69506815
nov-18;2;2.027594527;69506822
d‚c-18;5;4.183804986;69506822
janv-19;8;7.270917233;69506822
f‚vr-19;11;7.322629492;69506822
mars-19;9;7.370279844;69506822
avr-19;10;7.412413777;69506822
mai-19;5;4.536206622;69506822
juin-19;8;7.475228614;69506822
juil-19;6;6.195501488;69506822
ao–t-19;2;2.369345221;69506822
nov-18;2;2.148992508;69506864
d‚c-18;9;7.439720316;69506864
janv-19;11;7.348174334;69506864
f‚vr-19;5;2.761696825;69506864
mars-19;4;2.247804628;69506864
avr-19;3;2.241280495;69506864
mai-19;3;2.220480836;69506864
juin-19;1;2.185084436;69506864
juil-19;5;2.656109689;69506864
ao–t-19;4;2.071028683;69506864
nov-18;12;14.18142497;69506871
d‚c-18;18;17.97337108;69506871
janv-19;34;18.42468003;69506871
f‚vr-19;29;18.34369039;69506871
mars-19;24;18.21631672;69506871
avr-19;14;16.53145779;69506871
mai-19;12;14.01440589;69506871
juin-19;12;13.7683186;69506871
juil-19;8;10.96941962;69506871
ao–t-19;8;10.92208043;69506871
nov-18;0;-0.571084538;69507382
d‚c-18;1;-0.644166272;69507382
janv-19;3;-1.748937607;69507382
f‚vr-19;3;-1.431489976;69507382
mars-19;3;-1.473508964;69507382
avr-19;6;1.511341069;69507382
mai-19;10;4.841850203;69507382
juin-19;8;1.863643662;69507382
juil-19;6;1.507330359;69507382
ao–t-19;1;-1.294239282;69507382
nov-18;0;1.481084738;69507424
d‚c-18;0;1.442627081;69507424
janv-19;2;1.401949972;69507424
f‚vr-19;1;1.359605791;69507424
mars-19;3;1.976613415;69507424
avr-19;1;1.27192197;69507424
mai-19;2;1.227452485;69507424
juin-19;4;2.44060623;69507424
juil-19;5;4.392560824;69507424
ao–t-19;3;1.755928251;69507424
nov-18;1;1.203785739;69507473
d‚c-18;2;1.247389946;69507473
janv-19;4;0.600618998;69507473
f‚vr-19;8;6.382912465;69507473
mars-19;2;1.230192264;69507473
avr-19;3;1.164503075;69507473
mai-19;2;1.065051321;69507473
juin-19;5;0.262525536;69507473
juil-19;4;0.092696876;69507473
ao–t-19;8;5.674779567;69507473
nov-18;226;141.4205255;69594910
d‚c-18;485;140.0729725;69594910
janv-19;175;124.6376016;69594910
f‚vr-19;155;111.2741398;69594910
mars-19;155;113.2111269;69594910
avr-19;125;116.2830454;69594910
mai-19;126;120.4520342;69594910
juin-19;192;144.3982834;69594910
juil-19;141;133.7006722;69594910
ao–t-19;87;144.9261409;69594910
nov-18;1;1.976189408;69601980
d‚c-18;4;5.143939326;69601980
janv-19;4;5.115722708;69601980
f‚vr-19;5;5.878126141;69601980
mars-19;1;1.927528435;69601980
avr-19;5;5.795622209;69601980
mai-19;3;3.423608121;69601980
juin-19;1;1.714826068;69601980
juil-19;6;5.650940723;69601980
ao–t-19;4;4.804565882;69601980
nov-18;2;-0.599649466;69604535
d‚c-18;2;-0.869307373;69604535
janv-19;7;-3.512901184;69604535
f‚vr-19;6;-3.770691764;69604535
mars-19;11;-1.637208079;69604535
avr-19;13;-0.569676012;69604535
mai-19;19;4.005686728;69604535
juin-19;20;3.832119398;69604535
juil-19;14;-1.087791275;69604535
ao–t-19;4;-2.492193616;69604535
nov-18;192;241.413879;69654263
d‚c-18;186;240.6592293;69654263
janv-19;272;353.9668759;69654263
f‚vr-19;234;264.2128194;69654263
mars-19;145;259.2825696;69654263
avr-19;123;165.4213798;69654263
mai-19;160;257.3541312;69654263
juin-19;208;260.3904022;69654263
juil-19;229;234.181115;69654263
ao–t-19;185;233.2845398;69654263
nov-18;167;168.2475601;69725145
d‚c-18;168;167.8472848;69725145
janv-19;178;182.683083;69725145
f‚vr-19;175;173.6777012;69725145
mars-19;143;140.7640687;69725145
avr-19;138;140.1317297;69725145
mai-19;184;190.7239294;69725145
juin-19;167;164.2851476;69725145
juil-19;165;163.6335216;69725145
ao–t-19;148;147.9476259;69725145
nov-18;4;3.033844939;69735624
d‚c-18;0;0.311589876;69735624
janv-19;0;0.154541962;69735624
f‚vr-19;4;2.974522648;69735624
mars-19;0;0.665877855;69735624
avr-19;0;0.281629624;69735624
mai-19;0;0.619604227;69735624
juin-19;1;0.74098907;69735624
juil-19;3;1.220725413;69735624
ao–t-19;3;1.531940467;69735624
nov-18;0;0.060906192;69735834
d‚c-18;0;0.057329679;69735834
janv-19;0;0.078845858;69735834
f‚vr-19;0;0.07521698;69735834
mars-19;0;0.071706581;69735834
avr-19;0;0.038348475;69735834
mai-19;1;1.29908422;69735834
juin-19;1;1.296395459;69735834
juil-19;0;0.030330194;69735834
ao–t-19;0;0.028450533;69735834
nov-18;0;0.518966031;69735841
d‚c-18;0;0.513001218;69735841
janv-19;0;0.453561831;69735841
f‚vr-19;0;0.554168056;69735841
mars-19;0;0.426792769;69735841
avr-19;0;0.409544986;69735841
mai-19;1;1.404762588;69735841
juin-19;0;0.368768122;69735841
juil-19;1;1.465187272;69735841
ao–t-19;1;1.448881418;69735841
nov-18;0;-0.083963276;69735855
d‚c-18;0;-0.00501335;69735855
janv-19;0;0.005174977;69735855
f‚vr-19;1;1.412276622;69735855
mars-19;0;-0.101519447;69735855
avr-19;2;1.754578311;69735855
mai-19;3;2.102405493;69735855
juin-19;0;-0.096709058;69735855
juil-19;-1;-0.037705724;69735855
ao–t-19;0;-0.084175376;69735855
nov-18;35;45.04698049;69739481
d‚c-18;39;44.98084788;69739481
janv-19;29;36.4770483;69739481
f‚vr-19;36;45.86291135;69739481
mars-19;30;36.61912507;69739481
avr-19;24;35.00709301;69739481
mai-19;36;45.49403009;69739481
juin-19;27;34.64973814;69739481
juil-19;25;34.99360227;69739481
ao–t-19;27;35.39287556;69739481
nov-18;38;40.80971196;69780921
d‚c-18;50;61.5414886;69780921
janv-19;116;61.48202112;69780921
f‚vr-19;105;61.40716764;69780921
mars-19;117;61.31960139;69780921
avr-19;145;61.22233183;69780921
mai-19;135;61.11860509;69780921
juin-19;131;61.01179878;69780921
juil-19;122;60.9053146;69780921
ao–t-19;95;60.80247204;69780921
nov-18;110;127.1438164;69967135
d‚c-18;98;119.8506746;69967135
janv-19;112;129.6998318;69967135
f‚vr-19;130;129.8058208;69967135
mars-19;132;121.376968;69967135
avr-19;82;129.6078354;69967135
mai-19;102;128.5036242;69967135
juin-19;83;118.8666829;69967135
juil-19;75;123.1072104;69967135
ao–t-19;94;120.8775197;69967135
nov-18;8;9.358061841;69967156
d‚c-18;7;9.425922755;69967156
janv-19;9;9.473268614;69967156
f‚vr-19;11;11.32008056;69967156
mars-19;9;9.501493505;69967156
avr-19;5;9.481560846;69967156
mai-19;6;9.439508179;69967156
juin-19;4;9.376585958;69967156
juil-19;6;9.29465581;69967156
ao–t-19;5;9.196133653;69967156
nov-18;5;6.762081689;69967184
d‚c-18;3;5.834225467;69967184
janv-19;1;3.633380133;69967184
f‚vr-19;1;3.582493285;69967184
mars-19;2;4.104187438;69967184
avr-19;2;4.217040435;69967184
mai-19;1;3.453315784;69967184
juin-19;2;3.712489936;69967184
juil-19;0;3.206564239;69967184
ao–t-19;0;3.143804359;69967184
nov-18;0;-0.827679558;69967240
d‚c-18;1;-0.186948867;69967240
janv-19;0;-0.855608588;69967240
f‚vr-19;0;-0.853764988;69967240
mars-19;3;0.743716382;69967240
avr-19;6;2.457382987;69967240
mai-19;1;-0.122822518;69967240
juin-19;0;-0.737740799;69967240
juil-19;1;-0.02338641;69967240
ao–t-19;0;-0.61985493;69967240
nov-18;14;11.01929177;70234612
d‚c-18;10;11.00527192;70234612
janv-19;12;11.55863383;70234612
f‚vr-19;10;10.95899127;70234612
mars-19;16;10.92726243;70234612
avr-19;23;11.46385302;70234612
mai-19;13;10.84864943;70234612
juin-19;12;10.80282175;70234612
juil-19;10;11.3270025;70234612
ao–t-19;8;9.168137725;70234612
nov-18;3;7.980523023;70255584
d‚c-18;4;7.99577773;70255584
janv-19;8;10.64192007;70255584
f‚vr-19;0;10.74464213;70255584
mars-19;0;10.88816676;70255584
avr-19;1;11.06903724;70255584
mai-19;0;11.282761;70255584
juin-19;0;11.52391926;70255584
juil-19;1;11.78630432;70255584
ao–t-19;0;9.476516455;70255584
nov-18;5;10.05266006;70255703
d‚c-18;2;9.984085986;70255703
janv-19;3;13.8839934;70255703
f‚vr-19;-1;9.886614688;70255703
mars-19;0;9.861416187;70255703
avr-19;0;13.81015353;70255703
mai-19;0;9.866751609;70255703
juin-19;0;9.900014059;70255703
juil-19;0;13.9106888;70255703
ao–t-19;1;10.03137285;70255703
nov-18;229;204.186171;70255710
d‚c-18;242;204.2823894;70255710
janv-19;191;195.3804985;70255710
f‚vr-19;149;195.2057288;70255710
mars-19;194;194.9056376;70255710
avr-19;232;194.4906718;70255710
mai-19;216;193.9736885;70255710
juin-19;216;195.3888167;70255710
juil-19;157;194.7142558;70255710
ao–t-19;132;189.0923471;70255710
nov-18;129;121.2481471;70255724
d‚c-18;116;121.3564217;70255724
janv-19;109;125.1216532;70255724
f‚vr-19;161;125.101246;70255724
mars-19;225;125.022047;70255724
avr-19;203;124.8900417;70255724
mai-19;180;124.7126777;70255724
juin-19;157;124.4986115;70255724
juil-19;161;124.2574204;70255724
ao–t-19;113;120.2767545;70255724
nov-18;255;258.2274778;70255731
d‚c-18;233;258.56093;70255731
janv-19;155;218.5695766;70255731
f‚vr-19;242;258.8400487;70255731
mars-19;273;258.7783857;70255731
avr-19;274;258.581815;70255731
mai-19;311;258.2528685;70255731
juin-19;294;257.7964953;70255731
juil-19;297;257.2199551;70255731
ao–t-19;209;242.4274373;70255731
nov-18;170;143.7034348;70255745
d‚c-18;205;143.6094349;70255745
janv-19;115;143.4522236;70255745
f‚vr-19;132;143.239376;70255745
mars-19;157;142.9792147;70255745
avr-19;164;142.6805249;70255745
mai-19;180;142.3522684;70255745
juin-19;150;142.0033063;70255745
juil-19;150;141.6421387;70255745
ao–t-19;139;141.2766712;70255745
nov-18;637;595.2065235;70255752
d‚c-18;657;594.1384594;70255752
janv-19;541;592.7567558;70255752
f‚vr-19;559;591.0968975;70255752
mars-19;639;589.1982433;70255752
avr-19;698;587.1029878;70255752
mai-19;772;584.8550868;70255752
juin-19;445;582.4991786;70255752
juil-19;467;580.0795286;70255752
ao–t-19;309;468.6554065;70255752
nov-18;398;362.4712213;70255766
d‚c-18;382;361.9866587;70255766
janv-19;285;361.4837996;70255766
f‚vr-19;283;360.9797946;70255766
mars-19;349;360.4897895;70255766
avr-19;314;360.0265221;70255766
mai-19;338;359.6000142;70255766
juin-19;290;359.2173649;70255766
juil-19;376;358.882653;70255766
ao–t-19;299;358.5969499;70255766
nov-18;84;119.8248298;70326942
d‚c-18;41;103.9747223;70326942
janv-19;74;121.3756382;70326942
f‚vr-19;87;120.6179529;70326942
mars-19;107;125.2595313;70326942
avr-19;93;118.7954955;70326942
mai-19;128;135.4915144;70326942
juin-19;113;134.4345308;70326942
juil-19;127;133.3638003;70326942
ao–t-19;132;132.3036765;70326942
nov-18;0;-42.8885033;70334880
d‚c-18;0;-43.85658485;70334880
janv-19;0;-45.1092459;70334880
f‚vr-19;1;-46.62813872;70334880
mars-19;0;-48.38749564;70334880
avr-19;0;-50.35495374;70334880
mai-19;0;-52.49256826;70334880
juin-19;0;-54.75798291;70334880
juil-19;0;-57.10572079;70334880
ao–t-19;-1;-59.48855631;70334880
nov-18;2;2.321863379;70410830
d‚c-18;3;3.171171943;70410830
janv-19;0;0.549719239;70410830
f‚vr-19;4;2.452638207;70410830
mars-19;2;1.671110628;70410830
avr-19;3;2.454807126;70410830
mai-19;1;0.824106983;70410830
juin-19;3;2.490691335;70410830
juil-19;1;0.616408966;70410830
ao–t-19;0;0.778071024;70410830
nov-18;1;0.998986676;70410844
d‚c-18;3;2.731726185;70410844
janv-19;0;0.402269502;70410844
f‚vr-19;3;2.695636379;70410844
mars-19;1;1.101349213;70410844
avr-19;2;2.649264286;70410844
mai-19;2;2.623365226;70410844
juin-19;1;0.95841592;70410844
juil-19;1;0.86552505;70410844
ao–t-19;0;0.209612586;70410844
nov-18;0;0.140296636;70410851
d‚c-18;3;0.779575229;70410851
janv-19;0;0.082649462;70410851
f‚vr-19;0;0.157879389;70410851
mars-19;1;0.699297433;70410851
avr-19;0;0.066118805;70410851
mai-19;1;0.700513628;70410851
juin-19;0;0.065317064;70410851
juil-19;0;0.063370257;70410851
ao–t-19;1;0.694696399;70410851
nov-18;0;-101.420322;70603120
d‚c-18;1;-104.4299636;70603120
janv-19;0;-138.5955121;70603120
f‚vr-19;0;-117.4138953;70603120
mars-19;1;-117.095712;70603120
avr-19;0;-137.6754082;70603120
mai-19;1;-113.2692668;70603120
juin-19;7;-132.5076253;70603120
juil-19;15;-75.27644826;70603120
ao–t-19;8;-81.02786036;70603120
nov-18;4;3.764373137;70640080
d‚c-18;4;3.769396997;70640080
janv-19;5;5.308148613;70640080
f‚vr-19;6;7.769004668;70640080
mars-19;2;5.247300612;70640080
avr-19;5;5.251091771;70640080
mai-19;3;5.290979769;70640080
juin-19;3;5.337656924;70640080
juil-19;2;4.851336469;70640080
ao–t-19;3;4.312224376;70640080
nov-18;629;771.5184831;70755272
d‚c-18;755;880.8476179;70755272
janv-19;622;791.4238509;70755272
f‚vr-19;544;808.1093881;70755272
mars-19;480;810.1871531;70755272
avr-19;725;811.8069687;70755272
mai-19;734;891.3586232;70755272
juin-19;670;786.399274;70755272
juil-19;687;792.9277766;70755272
ao–t-19;636;800.3473334;70755272
nov-18;0;-2.521622637;70769104
d‚c-18;1;-2.550775119;70769104
janv-19;0;-2.568869959;70769104
f‚vr-19;0;-2.576951909;70769104
mars-19;0;-2.576611866;70769104
avr-19;0;-2.569945068;70769104
mai-19;0;-2.559490938;70769104
juin-19;0;-2.548156086;70769104
juil-19;0;-2.539122549;70769104
ao–t-19;0;-2.535743837;70769104
nov-18;130;123.7566965;70815633
d‚c-18;82;123.6809926;70815633
janv-19;115;123.5335248;70815633
f‚vr-19;146;123.3188631;70815633
mars-19;141;123.0434404;70815633
avr-19;161;122.7153878;70815633
mai-19;194;122.3443197;70815633
juin-19;174;121.9410718;70815633
juil-19;185;121.5174012;70815633
ao–t-19;190;121.085656;70815633
nov-18;249;266.3614302;70915145
d‚c-18;373;270.9529573;70915145
janv-19;258;266.8611072;70915145
f‚vr-19;238;270.0793719;70915145
mars-19;296;270.7117164;70915145
avr-19;295;269.691371;70915145
mai-19;334;274.8550379;70915145
juin-19;296;272.963577;70915145
juil-19;245;268.0115821;70915145
ao–t-19;263;278.8372541;70915145
nov-18;1;0.572048369;70968513
d‚c-18;0;-0.210971149;70968513
janv-19;0;-0.163787775;70968513
f‚vr-19;0;-0.171128432;70968513
mars-19;0;-0.31398881;70968513
avr-19;0;-0.287502196;70968513
mai-19;1;0.665343194;70968513
juin-19;1;0.693170303;70968513
juil-19;2;1.676484011;70968513
ao–t-19;0;-0.36722174;70968513
nov-18;0;0.005243003;70968520
d‚c-18;0;0.006582083;70968520
janv-19;0;0.024535135;70968520
f‚vr-19;0;0.025651523;70968520
mars-19;0;0.105529104;70968520
avr-19;0;0.313963038;70968520
mai-19;1;0.607134907;70968520
juin-19;1;0.607621195;70968520
juil-19;2;0.607961404;70968520
ao–t-19;0;0.012872446;70968520
nov-18;1;1.248974041;74457012
d‚c-18;0;0.8412343;74457012
janv-19;7;2.749112311;74457012
f‚vr-19;3;2.744855298;74457012
mars-19;9;2.47584317;74457012
avr-19;4;2.466677626;74457012
mai-19;5;2.455310051;74457012
juin-19;5;2.441967332;74457012
juil-19;4;2.426913824;74457012
ao–t-19;5;2.410445081;74457012
nov-18;53;50.53264994;74493160
d‚c-18;31;48.0813787;74493160
janv-19;38;50.70519367;74493160
f‚vr-19;38;49.87786526;74493160
mars-19;32;47.21352293;74493160
avr-19;20;43.43685425;74493160
mai-19;9;42.44700481;74493160
juin-19;4;40.10031107;74493160
juil-19;27;48.19909455;74493160
ao–t-19;39;47.14930761;74493160
nov-18;4;6.478029867;74493174
d‚c-18;3;6.510224626;74493174
janv-19;6;5.98948343;74493174
f‚vr-19;8;5.999758218;74493174
mars-19;5;5.998030462;74493174
avr-19;7;5.984009982;74493174
mai-19;13;5.957721569;74493174
juin-19;13;5.919503849;74493174
juil-19;13;6.055806376;74493174
ao–t-19;10;6.352559325;74493174
nov-18;229;276.3891348;74493384
d‚c-18;292;276.7448674;74493384
janv-19;306;277.1619707;74493384
f‚vr-19;343;277.6335345;74493384
mars-19;318;278.1512115;74493384
avr-19;425;278.7054644;74493384
mai-19;529;279.285845;74493384
juin-19;430;279.8812994;74493384
juil-19;436;280.480488;74493384
ao–t-19;399;281.072113;74493384
nov-18;90;98.80557253;74493405
d‚c-18;100;100.4760314;74493405
janv-19;112;104.1978048;74493405
f‚vr-19;109;101.232331;74493405
mars-19;136;102.6128027;74493405
avr-19;96;103.1665385;74493405
mai-19;107;99.95940087;74493405
juin-19;90;101.1298053;74493405
juil-19;97;101.5090196;74493405
ao–t-19;64;96.47642621;74493405
nov-18;102;93.20495228;74493412
d‚c-18;86;93.16605587;74493412
janv-19;57;84.85468089;74493412
f‚vr-19;47;76.47458073;74493412
mars-19;81;92.64580941;74493412
avr-19;85;92.35605207;74493412
mai-19;62;88.30654196;74493412
juin-19;47;75.23955585;74493412
juil-19;87;91.24464776;74493412
ao–t-19;57;82.62129329;74493412
nov-18;0;0.854799359;74508273
d‚c-18;0;0.89908995;74508273
janv-19;0;1.16352523;74508273
f‚vr-19;0;1.235844099;74508273
mars-19;0;1.320185991;74508273
avr-19;0;1.414893393;74508273
mai-19;2;1.518101195;74508273
juin-19;1;1.627775129;74508273
juil-19;0;1.538475683;74508273
ao–t-19;2;1.652243482;74508273
nov-18;232;393.3117395;74648364
d‚c-18;326;393.853524;74648364
janv-19;244;443.3256879;74648364
f‚vr-19;326;442.7579406;74648364
mars-19;447;573.3393864;74648364
avr-19;467;571.7178948;74648364
mai-19;502;569.6228907;74648364
juin-19;440;567.1057038;74648364
juil-19;342;444.4503781;74648364
ao–t-19;310;429.3701999;74648364
nov-18;23;210.0054664;75943840
d‚c-18;42;203.9734287;75943840
janv-19;48;236.3496878;75943840
f‚vr-19;28;243.5579797;75943840
mars-19;14;235.6181362;75943840
avr-19;2;227.5010073;75943840
mai-19;17;224.0696423;75943840
juin-19;12;216.2947716;75943840
juil-19;17;189.9189277;75943840
ao–t-19;3;183.3478016;75943840
nov-18;28;45.80347326;80055430
d‚c-18;22;46.62300787;80055430
janv-19;23;42.07470869;80055430
f‚vr-19;6;34.949124;80055430
mars-19;5;36.00287527;80055430
avr-19;4;37.084504;80055430
mai-19;26;46.293394;80055430
juin-19;16;39.22702725;80055430
juil-19;41;48.36301002;80055430
ao–t-19;1084;106.2827481;80055430
nov-18;210;111.5027215;80055451
d‚c-18;509;111.3274478;80055451
janv-19;179;112.1875377;80055451
f‚vr-19;227;112.2161477;80055451
mars-19;243;112.3603376;80055451
avr-19;220;112.6243194;80055451
mai-19;196;113.0083994;80055451
juin-19;198;112.5698066;80055451
juil-19;134;113.1792257;80055451
ao–t-19;76;104.9005994;80055451
nov-18;229;151.7683055;80104521
d‚c-18;79;152.3374919;80104521
janv-19;111;152.7964848;80104521
f‚vr-19;11;61.62201234;80104521
mars-19;1;61.80677763;80104521
avr-19;0;69.32655258;80104521
mai-19;1;61.6948172;80104521
juin-19;0;61.38511232;80104521
juil-19;1;68.39751665;80104521
ao–t-19;1;60.25872923;80104521
nov-18;120;243.9660955;80126506
d‚c-18;160;244.2049149;80126506
janv-19;125;244.3681055;80126506
f‚vr-19;138;244.4512406;80126506
mars-19;157;244.4518198;80126506
avr-19;176;244.3693378;80126506
mai-19;164;244.2053013;80126506
juin-19;172;243.9631933;80126506
juil-19;142;243.648386;80126506
ao–t-19;140;243.2680049;80126506
nov-18;16;8.062742422;80126507
d‚c-18;14;8.069427139;80126507
janv-19;24;7.20903496;80126507
f‚vr-19;20;7.20632409;80126507
mars-19;23;7.198943866;80126507
avr-19;14;7.187043088;80126507
mai-19;27;7.170866089;80126507
juin-19;16;7.150748396;80126507
juil-19;32;7.989512058;80126507
ao–t-19;18;7.962848972;80126507
nov-18;271;216.5199199;80126509
d‚c-18;324;216.624943;80126509
janv-19;222;216.629537;80126509
f‚vr-19;239;216.534494;80126509
mars-19;288;216.3429316;80126509
avr-19;359;216.0602093;80126509
mai-19;348;215.6937887;80126509
juin-19;286;215.2530375;80126509
juil-19;297;214.7489868;80126509
ao–t-19;260;214.1940451;80126509
nov-18;175;49.24204569;80127294
d‚c-18;134;48.96218294;80127294
janv-19;83;45.47872588;80127294
f‚vr-19;117;44.8656092;80127294
mars-19;912;44.1021681;80127294
avr-19;926;43.20298608;80127294
mai-19;1028;42.18503185;80127294
juin-19;967;41.06727572;80127294
juil-19;1124;39.87026499;80127294
ao–t-19;1082;38.61566857;80127294
nov-18;18;12.97545223;80127708
d‚c-18;19;12.98444081;80127708
janv-19;18;11.61499052;80127708
f‚vr-19;21;11.60796499;80127708
mars-19;26;11.59274936;80127708
avr-19;32;11.56943928;80127708
mai-19;16;11.53830075;80127708
juin-19;28;11.49977029;80127708
juil-19;26;11.45445054;80127708
ao–t-19;28;12.77364612;80127708
nov-18;3;0.722670089;80139255
d‚c-18;1;0.716096917;80139255
janv-19;2;0.402117068;80139255
f‚vr-19;4;0.388534917;80139255
mars-19;1;0.371821957;80139255
avr-19;3;0.352307985;80139255
mai-19;2;0.330374211;80139255
juin-19;2;0.306444548;80139255
juil-19;2;0.280975976;80139255
ao–t-19;1;0.2544482;80139255
nov-18;0;0;80139650
d‚c-18;0;0;80139650
janv-19;0;0;80139650
f‚vr-19;6;0;80139650
mars-19;103;0;80139650
avr-19;97;0;80139650
mai-19;166;0;80139650
juin-19;183;0;80139650
juil-19;177;0;80139650
ao–t-19;168;0;80139650
nov-18;200;0;81997131
d‚c-18;723;0;81997131
janv-19;383;0;81997131
f‚vr-19;247;0;81997131
mars-19;267;0;81997131
avr-19;213;0;81997131
mai-19;148;0;81997131
juin-19;116;0;81997131
juil-19;88;0;81997131
ao–t-19;52;0;81997131
nov-18;56;0.361335044;82006839
d‚c-18;104;0.358048459;82006839
janv-19;59;0.201058534;82006839
f‚vr-19;30;0.194267459;82006839
mars-19;27;0.185910978;82006839
avr-19;28;0.176153993;82006839
mai-19;19;0.165187106;82006839
juin-19;19;0.153222274;82006839
juil-19;26;0.140487988;82006839
ao–t-19;25;0.1272241;82006839
nov-18;0;0;82007550
d‚c-18;0;0;82007550
janv-19;0;0;82007550
f‚vr-19;0;0;82007550
mars-19;0;0;82007550
avr-19;0;0;82007550
mai-19;0;0;82007550
juin-19;0;0;82007550
juil-19;0;0;82007550
ao–t-19;0;0;82007550
nov-18;980;18.06675221;82010151
d‚c-18;1038;17.90242294;82010151
janv-19;171;10.05292671;82010151
f‚vr-19;26;9.713372935;82010151
mars-19;8;9.295548919;82010151
avr-19;5;8.807699635;82010151
mai-19;1;8.259355281;82010151
juin-19;-1;7.661113708;82010151
juil-19;14;7.024399407;82010151
ao–t-19;11;6.361205011;82010151
nov-18;0;0;82025179
d‚c-18;0;0;82025179
janv-19;0;0;82025179
f‚vr-19;3;0;82025179
mars-19;1;0;82025179
avr-19;5;0;82025179
mai-19;16;0;82025179
juin-19;23;0;82025179
juil-19;39;0;82025179
ao–t-19;36;0;82025179
nov-18;0;0;82025181
d‚c-18;1;0;82025181
janv-19;0;0;82025181
f‚vr-19;0;0;82025181
mars-19;0;0;82025181
avr-19;0;0;82025181
mai-19;0;0;82025181
juin-19;0;0;82025181
juil-19;0;0;82025181
ao–t-19;0;0;82025181
nov-18;0;0;82025182
d‚c-18;0;0;82025182
janv-19;0;0;82025182
f‚vr-19;0;0;82025182
mars-19;0;0;82025182
avr-19;0;0;82025182
mai-19;1;0;82025182
juin-19;1;0;82025182
juil-19;0;0;82025182
ao–t-19;0;0;82025182
nov-18;0;0;82025183
d‚c-18;0;0;82025183
janv-19;0;0;82025183
f‚vr-19;1;0;82025183
mars-19;1;0;82025183
avr-19;0;0;82025183
mai-19;0;0;82025183
juin-19;0;0;82025183
juil-19;1;0;82025183
ao–t-19;0;0;82025183
nov-18;0;0;82025184
d‚c-18;0;0;82025184
janv-19;0;0;82025184
f‚vr-19;1;0;82025184
mars-19;0;0;82025184
avr-19;1;0;82025184
mai-19;0;0;82025184
juin-19;1;0;82025184
juil-19;2;0;82025184
ao–t-19;0;0;82025184
nov-18;0;0;82025185
d‚c-18;0;0;82025185
janv-19;0;0;82025185
f‚vr-19;0;0;82025185
mars-19;0;0;82025185
avr-19;0;0;82025185
mai-19;0;0;82025185
juin-19;0;0;82025185
juil-19;2;0;82025185
ao–t-19;2;0;82025185
nov-18;0;0;82025186
d‚c-18;0;0;82025186
janv-19;0;0;82025186
f‚vr-19;0;0;82025186
mars-19;0;0;82025186
avr-19;0;0;82025186
mai-19;0;0;82025186
juin-19;0;0;82025186
juil-19;1;0;82025186
ao–t-19;0;0;82025186
nov-18;0;0;82025187
d‚c-18;0;0;82025187
janv-19;0;0;82025187
f‚vr-19;2;0;82025187
mars-19;0;0;82025187
avr-19;0;0;82025187
mai-19;0;0;82025187
juin-19;0;0;82025187
juil-19;1;0;82025187
ao–t-19;0;0;82025187
nov-18;0;0;82025188
d‚c-18;0;0;82025188
janv-19;0;0;82025188
f‚vr-19;0;0;82025188
mars-19;0;0;82025188
avr-19;1;0;82025188
mai-19;0;0;82025188
juin-19;1;0;82025188
juil-19;0;0;82025188
ao–t-19;0;0;82025188
nov-18;0;0;82025189
d‚c-18;0;0;82025189
janv-19;0;0;82025189
f‚vr-19;2;0;82025189
mars-19;0;0;82025189
avr-19;2;0;82025189
mai-19;0;0;82025189
juin-19;0;0;82025189
juil-19;0;0;82025189
ao–t-19;4;0;82025189
nov-18;0;0;82025199
d‚c-18;0;0;82025199
janv-19;0;0;82025199
f‚vr-19;0;0;82025199
mars-19;0;0;82025199
avr-19;0;0;82025199
mai-19;1;0;82025199
juin-19;2;0;82025199
juil-19;2;0;82025199
ao–t-19;4;0;82025199
nov-18;0;0;82025200
d‚c-18;0;0;82025200
janv-19;0;0;82025200
f‚vr-19;0;0;82025200
mars-19;0;0;82025200
avr-19;0;0;82025200
mai-19;4;0;82025200
juin-19;1;0;82025200
juil-19;0;0;82025200
ao–t-19;0;0;82025200
nov-18;0;0;82025201
d‚c-18;0;0;82025201
janv-19;0;0;82025201
f‚vr-19;0;0;82025201
mars-19;2;0;82025201
avr-19;0;0;82025201
mai-19;0;0;82025201
juin-19;0;0;82025201
juil-19;0;0;82025201
ao–t-19;0;0;82025201
nov-18;0;0;82025202
d‚c-18;0;0;82025202
janv-19;0;0;82025202
f‚vr-19;0;0;82025202
mars-19;0;0;82025202
avr-19;0;0;82025202
mai-19;0;0;82025202
juin-19;1;0;82025202
juil-19;0;0;82025202
ao–t-19;0;0;82025202
nov-18;0;0;82025204
d‚c-18;0;0;82025204
janv-19;0;0;82025204
f‚vr-19;0;0;82025204
mars-19;0;0;82025204
avr-19;1;0;82025204
mai-19;1;0;82025204
juin-19;0;0;82025204
juil-19;0;0;82025204
ao–t-19;0;0;82025204
nov-18;0;0;82025205
d‚c-18;0;0;82025205
janv-19;0;0;82025205
f‚vr-19;0;0;82025205
mars-19;4;0;82025205
avr-19;2;0;82025205
mai-19;0;0;82025205
juin-19;1;0;82025205
juil-19;1;0;82025205
ao–t-19;1;0;82025205
nov-18;0;0;82025206
d‚c-18;0;0;82025206
janv-19;0;0;82025206
f‚vr-19;1;0;82025206
mars-19;7;0;82025206
avr-19;8;0;82025206
mai-19;2;0;82025206
juin-19;3;0;82025206
juil-19;3;0;82025206
ao–t-19;1;0;82025206
nov-18;0;0;82025210
d‚c-18;0;0;82025210
janv-19;0;0;82025210
f‚vr-19;0;0;82025210
mars-19;1;0;82025210
avr-19;0;0;82025210
mai-19;0;0;82025210
juin-19;0;0;82025210
juil-19;0;0;82025210
ao–t-19;0;0;82025210
nov-18;0;0;82025211
d‚c-18;0;0;82025211
janv-19;1;0;82025211
f‚vr-19;1;0;82025211
mars-19;0;0;82025211
avr-19;0;0;82025211
mai-19;0;0;82025211
juin-19;0;0;82025211
juil-19;0;0;82025211
ao–t-19;0;0;82025211
nov-18;0;0;82025212
d‚c-18;0;0;82025212
janv-19;0;0;82025212
f‚vr-19;0;0;82025212
mars-19;0;0;82025212
avr-19;0;0;82025212
mai-19;0;0;82025212
juin-19;1;0;82025212
juil-19;0;0;82025212
ao–t-19;1;0;82025212
nov-18;0;0;82025213
d‚c-18;0;0;82025213
janv-19;0;0;82025213
f‚vr-19;0;0;82025213
mars-19;0;0;82025213
avr-19;0;0;82025213
mai-19;1;0;82025213
juin-19;0;0;82025213
juil-19;1;0;82025213
ao–t-19;0;0;82025213
nov-18;0;0;82025216
d‚c-18;0;0;82025216
janv-19;0;0;82025216
f‚vr-19;0;0;82025216
mars-19;0;0;82025216
avr-19;0;0;82025216
mai-19;0;0;82025216
juin-19;1;0;82025216
juil-19;1;0;82025216
ao–t-19;1;0;82025216
nov-18;0;0;82025218
d‚c-18;0;0;82025218
janv-19;0;0;82025218
f‚vr-19;2;0;82025218
mars-19;0;0;82025218
avr-19;1;0;82025218
mai-19;0;0;82025218
juin-19;0;0;82025218
juil-19;1;0;82025218
ao–t-19;1;0;82025218
nov-18;0;0;82025219
d‚c-18;0;0;82025219
janv-19;0;0;82025219
f‚vr-19;0;0;82025219
mars-19;0;0;82025219
avr-19;0;0;82025219
mai-19;0;0;82025219
juin-19;0;0;82025219
juil-19;0;0;82025219
ao–t-19;2;0;82025219
nov-18;0;0;82025220
d‚c-18;0;0;82025220
janv-19;1;0;82025220
f‚vr-19;1;0;82025220
mars-19;0;0;82025220
avr-19;1;0;82025220
mai-19;2;0;82025220
juin-19;0;0;82025220
juil-19;0;0;82025220
ao–t-19;0;0;82025220
nov-18;0;0;82034175
d‚c-18;0;0;82034175
janv-19;0;0;82034175
f‚vr-19;9;0;82034175
mars-19;836;0;82034175
avr-19;586;0;82034175
mai-19;208;0;82034175
juin-19;134;0;82034175
juil-19;133;0;82034175
ao–t-19;123;0;82034175
nov-18;0;0;82038871
d‚c-18;0;0;82038871
janv-19;0;0;82038871
f‚vr-19;0;0;82038871
mars-19;1;0;82038871
avr-19;1;0;82038871
mai-19;0;0;82038871
juin-19;0;0;82038871
juil-19;0;0;82038871
ao–t-19;0;0;82038871
nov-18;0;0;82039275
d‚c-18;0;0;82039275
janv-19;0;0;82039275
f‚vr-19;1;0;82039275
mars-19;0;0;82039275
avr-19;1;0;82039275
mai-19;2;0;82039275
juin-19;0;0;82039275
juil-19;1;0;82039275
ao–t-19;0;0;82039275
nov-18;0;0;82039321
d‚c-18;0;0;82039321
janv-19;0;0;82039321
f‚vr-19;0;0;82039321
mars-19;0;0;82039321
avr-19;2;0;82039321
mai-19;4;0;82039321
juin-19;8;0;82039321
juil-19;6;0;82039321
ao–t-19;14;0;82039321
nov-18;0;0;82039323
d‚c-18;0;0;82039323
janv-19;0;0;82039323
f‚vr-19;0;0;82039323
mars-19;0;0;82039323
avr-19;6;0;82039323
mai-19;1;0;82039323
juin-19;4;0;82039323
juil-19;9;0;82039323
ao–t-19;4;0;82039323
nov-18;0;0;82039325
d‚c-18;1;0;82039325
janv-19;2;0;82039325
f‚vr-19;1;0;82039325
mars-19;2;0;82039325
avr-19;0;0;82039325
mai-19;0;0;82039325
juin-19;1;0;82039325
juil-19;1;0;82039325
ao–t-19;2;0;82039325
nov-18;0;0;82039326
d‚c-18;0;0;82039326
janv-19;0;0;82039326
f‚vr-19;0;0;82039326
mars-19;0;0;82039326
avr-19;1;0;82039326
mai-19;3;0;82039326
juin-19;0;0;82039326
juil-19;1;0;82039326
ao–t-19;1;0;82039326
nov-18;0;0;82039327
d‚c-18;0;0;82039327
janv-19;0;0;82039327
f‚vr-19;1;0;82039327
mars-19;4;0;82039327
avr-19;0;0;82039327
mai-19;1;0;82039327
juin-19;0;0;82039327
juil-19;2;0;82039327
ao–t-19;0;0;82039327
nov-18;0;0;82039328
d‚c-18;0;0;82039328
janv-19;0;0;82039328
f‚vr-19;0;0;82039328
mars-19;0;0;82039328
avr-19;0;0;82039328
mai-19;0;0;82039328
juin-19;1;0;82039328
juil-19;0;0;82039328
ao–t-19;3;0;82039328
nov-18;0;0;82039331
d‚c-18;0;0;82039331
janv-19;1;0;82039331
f‚vr-19;1;0;82039331
mars-19;1;0;82039331
avr-19;1;0;82039331
mai-19;0;0;82039331
juin-19;1;0;82039331
juil-19;0;0;82039331
ao–t-19;1;0;82039331
nov-18;0;0;82039332
d‚c-18;0;0;82039332
janv-19;0;0;82039332
f‚vr-19;0;0;82039332
mars-19;0;0;82039332
avr-19;0;0;82039332
mai-19;1;0;82039332
juin-19;0;0;82039332
juil-19;0;0;82039332
ao–t-19;0;0;82039332
nov-18;0;0;82039333
d‚c-18;0;0;82039333
janv-19;1;0;82039333
f‚vr-19;0;0;82039333
mars-19;1;0;82039333
avr-19;1;0;82039333
mai-19;0;0;82039333
juin-19;0;0;82039333
juil-19;2;0;82039333
ao–t-19;3;0;82039333
nov-18;0;0;82039334
d‚c-18;0;0;82039334
janv-19;4;0;82039334
f‚vr-19;8;0;82039334
mars-19;3;0;82039334
avr-19;6;0;82039334
mai-19;3;0;82039334
juin-19;2;0;82039334
juil-19;2;0;82039334
ao–t-19;2;0;82039334
nov-18;0;0;82039335
d‚c-18;0;0;82039335
janv-19;0;0;82039335
f‚vr-19;0;0;82039335
mars-19;0;0;82039335
avr-19;0;0;82039335
mai-19;0;0;82039335
juin-19;0;0;82039335
juil-19;0;0;82039335
ao–t-19;2;0;82039335
nov-18;0;0;82039336
d‚c-18;1;0;82039336
janv-19;0;0;82039336
f‚vr-19;0;0;82039336
mars-19;0;0;82039336
avr-19;1;0;82039336
mai-19;2;0;82039336
juin-19;3;0;82039336
juil-19;2;0;82039336
ao–t-19;1;0;82039336
nov-18;0;0;82039337
d‚c-18;0;0;82039337
janv-19;0;0;82039337
f‚vr-19;0;0;82039337
mars-19;0;0;82039337
avr-19;3;0;82039337
mai-19;5;0;82039337
juin-19;16;0;82039337
juil-19;13;0;82039337
ao–t-19;5;0;82039337
nov-18;0;0;82039338
d‚c-18;0;0;82039338
janv-19;0;0;82039338
f‚vr-19;0;0;82039338
mars-19;1;0;82039338
avr-19;1;0;82039338
mai-19;1;0;82039338
juin-19;1;0;82039338
juil-19;3;0;82039338
ao–t-19;2;0;82039338
nov-18;0;0;82039339
d‚c-18;0;0;82039339
janv-19;1;0;82039339
f‚vr-19;0;0;82039339
mars-19;1;0;82039339
avr-19;0;0;82039339
mai-19;0;0;82039339
juin-19;4;0;82039339
juil-19;4;0;82039339
ao–t-19;1;0;82039339
nov-18;0;0;82039340
d‚c-18;0;0;82039340
janv-19;1;0;82039340
f‚vr-19;0;0;82039340
mars-19;1;0;82039340
avr-19;0;0;82039340
mai-19;1;0;82039340
juin-19;3;0;82039340
juil-19;4;0;82039340
ao–t-19;0;0;82039340
nov-18;0;0;82039341
d‚c-18;0;0;82039341
janv-19;0;0;82039341
f‚vr-19;0;0;82039341
mars-19;1;0;82039341
avr-19;0;0;82039341
mai-19;1;0;82039341
juin-19;8;0;82039341
juil-19;8;0;82039341
ao–t-19;10;0;82039341
nov-18;0;0;82039342
d‚c-18;0;0;82039342
janv-19;0;0;82039342
f‚vr-19;0;0;82039342
mars-19;1;0;82039342
avr-19;1;0;82039342
mai-19;5;0;82039342
juin-19;2;0;82039342
juil-19;2;0;82039342
ao–t-19;4;0;82039342
nov-18;0;0;82039343
d‚c-18;0;0;82039343
janv-19;0;0;82039343
f‚vr-19;1;0;82039343
mars-19;3;0;82039343
avr-19;1;0;82039343
mai-19;1;0;82039343
juin-19;2;0;82039343
juil-19;1;0;82039343
ao–t-19;2;0;82039343
nov-18;0;0;82039344
d‚c-18;0;0;82039344
janv-19;0;0;82039344
f‚vr-19;0;0;82039344
mars-19;1;0;82039344
avr-19;3;0;82039344
mai-19;0;0;82039344
juin-19;1;0;82039344
juil-19;1;0;82039344
ao–t-19;0;0;82039344
nov-18;0;0;82039345
d‚c-18;0;0;82039345
janv-19;0;0;82039345
f‚vr-19;0;0;82039345
mars-19;0;0;82039345
avr-19;1;0;82039345
mai-19;3;0;82039345
juin-19;2;0;82039345
juil-19;3;0;82039345
ao–t-19;0;0;82039345
nov-18;0;0;82039346
d‚c-18;0;0;82039346
janv-19;0;0;82039346
f‚vr-19;0;0;82039346
mars-19;0;0;82039346
avr-19;0;0;82039346
mai-19;1;0;82039346
juin-19;0;0;82039346
juil-19;0;0;82039346
ao–t-19;0;0;82039346
nov-18;0;0;82039347
d‚c-18;0;0;82039347
janv-19;1;0;82039347
f‚vr-19;0;0;82039347
mars-19;0;0;82039347
avr-19;0;0;82039347
mai-19;1;0;82039347
juin-19;0;0;82039347
juil-19;3;0;82039347
ao–t-19;1;0;82039347
nov-18;0;0;82039348
d‚c-18;0;0;82039348
janv-19;0;0;82039348
f‚vr-19;0;0;82039348
mars-19;1;0;82039348
avr-19;3;0;82039348
mai-19;1;0;82039348
juin-19;0;0;82039348
juil-19;2;0;82039348
ao–t-19;0;0;82039348
nov-18;0;0;82039349
d‚c-18;0;0;82039349
janv-19;0;0;82039349
f‚vr-19;1;0;82039349
mars-19;0;0;82039349
avr-19;4;0;82039349
mai-19;4;0;82039349
juin-19;2;0;82039349
juil-19;5;0;82039349
ao–t-19;2;0;82039349
nov-18;0;0;82039350
d‚c-18;0;0;82039350
janv-19;0;0;82039350
f‚vr-19;0;0;82039350
mars-19;0;0;82039350
avr-19;0;0;82039350
mai-19;5;0;82039350
juin-19;2;0;82039350
juil-19;1;0;82039350
ao–t-19;2;0;82039350
nov-18;0;0;82039351
d‚c-18;0;0;82039351
janv-19;0;0;82039351
f‚vr-19;0;0;82039351
mars-19;1;0;82039351
avr-19;0;0;82039351
mai-19;3;0;82039351
juin-19;5;0;82039351
juil-19;4;0;82039351
ao–t-19;7;0;82039351
nov-18;0;0;82039352
d‚c-18;0;0;82039352
janv-19;0;0;82039352
f‚vr-19;0;0;82039352
mars-19;1;0;82039352
avr-19;3;0;82039352
mai-19;7;0;82039352
juin-19;6;0;82039352
juil-19;4;0;82039352
ao–t-19;0;0;82039352
nov-18;0;0;82039353
d‚c-18;0;0;82039353
janv-19;0;0;82039353
f‚vr-19;0;0;82039353
mars-19;1;0;82039353
avr-19;5;0;82039353
mai-19;5;0;82039353
juin-19;5;0;82039353
juil-19;12;0;82039353
ao–t-19;0;0;82039353
nov-18;0;0;82039356
d‚c-18;0;0;82039356
janv-19;0;0;82039356
f‚vr-19;0;0;82039356
mars-19;1;0;82039356
avr-19;0;0;82039356
mai-19;0;0;82039356
juin-19;0;0;82039356
juil-19;0;0;82039356
ao–t-19;0;0;82039356
nov-18;0;0;82039358
d‚c-18;0;0;82039358
janv-19;0;0;82039358
f‚vr-19;0;0;82039358
mars-19;1;0;82039358
avr-19;2;0;82039358
mai-19;2;0;82039358
juin-19;2;0;82039358
juil-19;1;0;82039358
ao–t-19;4;0;82039358
nov-18;0;0;82039362
d‚c-18;0;0;82039362
janv-19;1;0;82039362
f‚vr-19;0;0;82039362
mars-19;0;0;82039362
avr-19;0;0;82039362
mai-19;1;0;82039362
juin-19;2;0;82039362
juil-19;0;0;82039362
ao–t-19;0;0;82039362
nov-18;0;0;82039363
d‚c-18;0;0;82039363
janv-19;0;0;82039363
f‚vr-19;0;0;82039363
mars-19;0;0;82039363
avr-19;0;0;82039363
mai-19;0;0;82039363
juin-19;1;0;82039363
juil-19;0;0;82039363
ao–t-19;0;0;82039363
nov-18;0;0;82039364
d‚c-18;0;0;82039364
janv-19;0;0;82039364
f‚vr-19;2;0;82039364
mars-19;4;0;82039364
avr-19;1;0;82039364
mai-19;4;0;82039364
juin-19;3;0;82039364
juil-19;1;0;82039364
ao–t-19;3;0;82039364
nov-18;0;0;82039368
d‚c-18;0;0;82039368
janv-19;0;0;82039368
f‚vr-19;0;0;82039368
mars-19;0;0;82039368
avr-19;0;0;82039368
mai-19;0;0;82039368
juin-19;1;0;82039368
juil-19;0;0;82039368
ao–t-19;0;0;82039368
nov-18;0;0;82039369
d‚c-18;0;0;82039369
janv-19;0;0;82039369
f‚vr-19;0;0;82039369
mars-19;0;0;82039369
avr-19;0;0;82039369
mai-19;0;0;82039369
juin-19;0;0;82039369
juil-19;1;0;82039369
ao–t-19;0;0;82039369
nov-18;0;0;82039370
d‚c-18;0;0;82039370
janv-19;0;0;82039370
f‚vr-19;0;0;82039370
mars-19;0;0;82039370
avr-19;1;0;82039370
mai-19;2;0;82039370
juin-19;0;0;82039370
juil-19;2;0;82039370
ao–t-19;3;0;82039370
nov-18;0;0;82039371
d‚c-18;1;0;82039371
janv-19;2;0;82039371
f‚vr-19;0;0;82039371
mars-19;1;0;82039371
avr-19;0;0;82039371
mai-19;7;0;82039371
juin-19;2;0;82039371
juil-19;4;0;82039371
ao–t-19;3;0;82039371
nov-18;0;0;82039372
d‚c-18;0;0;82039372
janv-19;0;0;82039372
f‚vr-19;0;0;82039372
mars-19;0;0;82039372
avr-19;0;0;82039372
mai-19;0;0;82039372
juin-19;1;0;82039372
juil-19;0;0;82039372
ao–t-19;0;0;82039372
nov-18;0;0;82039373
d‚c-18;0;0;82039373
janv-19;0;0;82039373
f‚vr-19;0;0;82039373
mars-19;0;0;82039373
avr-19;1;0;82039373
mai-19;0;0;82039373
juin-19;0;0;82039373
juil-19;0;0;82039373
ao–t-19;1;0;82039373
nov-18;0;0;82039375
d‚c-18;0;0;82039375
janv-19;0;0;82039375
f‚vr-19;0;0;82039375
mars-19;0;0;82039375
avr-19;3;0;82039375
mai-19;1;0;82039375
juin-19;2;0;82039375
juil-19;0;0;82039375
ao–t-19;0;0;82039375
nov-18;0;0;82039376
d‚c-18;0;0;82039376
janv-19;0;0;82039376
f‚vr-19;0;0;82039376
mars-19;1;0;82039376
avr-19;1;0;82039376
mai-19;3;0;82039376
juin-19;1;0;82039376
juil-19;1;0;82039376
ao–t-19;2;0;82039376
nov-18;0;0;82039377
d‚c-18;0;0;82039377
janv-19;0;0;82039377
f‚vr-19;0;0;82039377
mars-19;0;0;82039377
avr-19;0;0;82039377
mai-19;0;0;82039377
juin-19;0;0;82039377
juil-19;1;0;82039377
ao–t-19;0;0;82039377
nov-18;0;0;82039378
d‚c-18;0;0;82039378
janv-19;0;0;82039378
f‚vr-19;0;0;82039378
mars-19;0;0;82039378
avr-19;1;0;82039378
mai-19;0;0;82039378
juin-19;2;0;82039378
juil-19;3;0;82039378
ao–t-19;1;0;82039378
nov-18;0;0;82039381
d‚c-18;0;0;82039381
janv-19;0;0;82039381
f‚vr-19;0;0;82039381
mars-19;0;0;82039381
avr-19;0;0;82039381
mai-19;2;0;82039381
juin-19;0;0;82039381
juil-19;0;0;82039381
ao–t-19;0;0;82039381
nov-18;0;0;82039385
d‚c-18;0;0;82039385
janv-19;0;0;82039385
f‚vr-19;0;0;82039385
mars-19;0;0;82039385
avr-19;0;0;82039385
mai-19;0;0;82039385
juin-19;0;0;82039385
juil-19;1;0;82039385
ao–t-19;0;0;82039385
nov-18;0;0;82039388
d‚c-18;0;0;82039388
janv-19;0;0;82039388
f‚vr-19;0;0;82039388
mars-19;0;0;82039388
avr-19;0;0;82039388
mai-19;1;0;82039388
juin-19;0;0;82039388
juil-19;0;0;82039388
ao–t-19;0;0;82039388
nov-18;0;0;82039396
d‚c-18;0;0;82039396
janv-19;0;0;82039396
f‚vr-19;0;0;82039396
mars-19;0;0;82039396
avr-19;1;0;82039396
mai-19;0;0;82039396
juin-19;1;0;82039396
juil-19;3;0;82039396
ao–t-19;3;0;82039396
nov-18;0;0;82039397
d‚c-18;0;0;82039397
janv-19;0;0;82039397
f‚vr-19;0;0;82039397
mars-19;0;0;82039397
avr-19;1;0;82039397
mai-19;0;0;82039397
juin-19;0;0;82039397
juil-19;0;0;82039397
ao–t-19;0;0;82039397
nov-18;0;0;82039399
d‚c-18;0;0;82039399
janv-19;0;0;82039399
f‚vr-19;0;0;82039399
mars-19;0;0;82039399
avr-19;0;0;82039399
mai-19;0;0;82039399
juin-19;0;0;82039399
juil-19;0;0;82039399
ao–t-19;1;0;82039399
nov-18;0;0;82039400
d‚c-18;0;0;82039400
janv-19;1;0;82039400
f‚vr-19;1;0;82039400
mars-19;1;0;82039400
avr-19;0;0;82039400
mai-19;0;0;82039400
juin-19;0;0;82039400
juil-19;0;0;82039400
ao–t-19;0;0;82039400
nov-18;0;0;82039401
d‚c-18;0;0;82039401
janv-19;0;0;82039401
f‚vr-19;0;0;82039401
mars-19;1;0;82039401
avr-19;0;0;82039401
mai-19;0;0;82039401
juin-19;0;0;82039401
juil-19;0;0;82039401
ao–t-19;0;0;82039401
nov-18;0;0;82039402
d‚c-18;0;0;82039402
janv-19;1;0;82039402
f‚vr-19;1;0;82039402
mars-19;0;0;82039402
avr-19;0;0;82039402
mai-19;3;0;82039402
juin-19;0;0;82039402
juil-19;0;0;82039402
ao–t-19;0;0;82039402
nov-18;0;0;82039403
d‚c-18;0;0;82039403
janv-19;1;0;82039403
f‚vr-19;1;0;82039403
mars-19;1;0;82039403
avr-19;1;0;82039403
mai-19;0;0;82039403
juin-19;0;0;82039403
juil-19;0;0;82039403
ao–t-19;2;0;82039403
nov-18;0;0;82039405
d‚c-18;0;0;82039405
janv-19;0;0;82039405
f‚vr-19;0;0;82039405
mars-19;0;0;82039405
avr-19;1;0;82039405
mai-19;1;0;82039405
juin-19;0;0;82039405
juil-19;0;0;82039405
ao–t-19;0;0;82039405
nov-18;0;0;82039406
d‚c-18;0;0;82039406
janv-19;0;0;82039406
f‚vr-19;2;0;82039406
mars-19;0;0;82039406
avr-19;0;0;82039406
mai-19;0;0;82039406
juin-19;1;0;82039406
juil-19;0;0;82039406
ao–t-19;0;0;82039406
nov-18;0;0;82039407
d‚c-18;0;0;82039407
janv-19;0;0;82039407
f‚vr-19;0;0;82039407
mars-19;0;0;82039407
avr-19;0;0;82039407
mai-19;0;0;82039407
juin-19;0;0;82039407
juil-19;1;0;82039407
ao–t-19;0;0;82039407
nov-18;0;0;82039408
d‚c-18;0;0;82039408
janv-19;0;0;82039408
f‚vr-19;0;0;82039408
mars-19;1;0;82039408
avr-19;0;0;82039408
mai-19;1;0;82039408
juin-19;0;0;82039408
juil-19;1;0;82039408
ao–t-19;0;0;82039408
nov-18;0;0;82039414
d‚c-18;0;0;82039414
janv-19;0;0;82039414
f‚vr-19;0;0;82039414
mars-19;0;0;82039414
avr-19;0;0;82039414
mai-19;0;0;82039414
juin-19;1;0;82039414
juil-19;0;0;82039414
ao–t-19;0;0;82039414
nov-18;0;0;82039415
d‚c-18;0;0;82039415
janv-19;0;0;82039415
f‚vr-19;0;0;82039415
mars-19;0;0;82039415
avr-19;1;0;82039415
mai-19;1;0;82039415
juin-19;0;0;82039415
juil-19;0;0;82039415
ao–t-19;0;0;82039415
nov-18;0;0;82039417
d‚c-18;0;0;82039417
janv-19;0;0;82039417
f‚vr-19;0;0;82039417
mars-19;1;0;82039417
avr-19;0;0;82039417
mai-19;0;0;82039417
juin-19;1;0;82039417
juil-19;1;0;82039417
ao–t-19;0;0;82039417
nov-18;0;0;82039418
d‚c-18;0;0;82039418
janv-19;2;0;82039418
f‚vr-19;1;0;82039418
mars-19;2;0;82039418
avr-19;2;0;82039418
mai-19;2;0;82039418
juin-19;5;0;82039418
juil-19;6;0;82039418
ao–t-19;7;0;82039418
nov-18;0;0;82039419
d‚c-18;0;0;82039419
janv-19;0;0;82039419
f‚vr-19;1;0;82039419
mars-19;1;0;82039419
avr-19;0;0;82039419
mai-19;1;0;82039419
juin-19;2;0;82039419
juil-19;2;0;82039419
ao–t-19;5;0;82039419
nov-18;0;0;82039420
d‚c-18;1;0;82039420
janv-19;0;0;82039420
f‚vr-19;0;0;82039420
mars-19;2;0;82039420
avr-19;3;0;82039420
mai-19;3;0;82039420
juin-19;8;0;82039420
juil-19;2;0;82039420
ao–t-19;3;0;82039420
nov-18;0;0;82039421
d‚c-18;0;0;82039421
janv-19;0;0;82039421
f‚vr-19;0;0;82039421
mars-19;0;0;82039421
avr-19;0;0;82039421
mai-19;0;0;82039421
juin-19;0;0;82039421
juil-19;2;0;82039421
ao–t-19;0;0;82039421
nov-18;0;0;82039422
d‚c-18;0;0;82039422
janv-19;0;0;82039422
f‚vr-19;0;0;82039422
mars-19;0;0;82039422
avr-19;0;0;82039422
mai-19;0;0;82039422
juin-19;1;0;82039422
juil-19;0;0;82039422
ao–t-19;1;0;82039422
nov-18;0;0;82039423
d‚c-18;0;0;82039423
janv-19;0;0;82039423
f‚vr-19;0;0;82039423
mars-19;0;0;82039423
avr-19;0;0;82039423
mai-19;2;0;82039423
juin-19;0;0;82039423
juil-19;0;0;82039423
ao–t-19;0;0;82039423
nov-18;0;0;82039424
d‚c-18;0;0;82039424
janv-19;0;0;82039424
f‚vr-19;0;0;82039424
mars-19;1;0;82039424
avr-19;1;0;82039424
mai-19;0;0;82039424
juin-19;1;0;82039424
juil-19;0;0;82039424
ao–t-19;0;0;82039424
nov-18;0;0;82039425
d‚c-18;0;0;82039425
janv-19;0;0;82039425
f‚vr-19;0;0;82039425
mars-19;0;0;82039425
avr-19;1;0;82039425
mai-19;1;0;82039425
juin-19;1;0;82039425
juil-19;1;0;82039425
ao–t-19;2;0;82039425
nov-18;0;0;82039427
d‚c-18;0;0;82039427
janv-19;0;0;82039427
f‚vr-19;1;0;82039427
mars-19;2;0;82039427
avr-19;0;0;82039427
mai-19;1;0;82039427
juin-19;1;0;82039427
juil-19;1;0;82039427
ao–t-19;1;0;82039427
nov-18;0;0;82039428
d‚c-18;0;0;82039428
janv-19;0;0;82039428
f‚vr-19;0;0;82039428
mars-19;0;0;82039428
avr-19;1;0;82039428
mai-19;2;0;82039428
juin-19;2;0;82039428
juil-19;0;0;82039428
ao–t-19;3;0;82039428
nov-18;0;0;82039429
d‚c-18;0;0;82039429
janv-19;0;0;82039429
f‚vr-19;1;0;82039429
mars-19;1;0;82039429
avr-19;0;0;82039429
mai-19;0;0;82039429
juin-19;0;0;82039429
juil-19;0;0;82039429
ao–t-19;0;0;82039429
nov-18;0;0;82039430
d‚c-18;0;0;82039430
janv-19;0;0;82039430
f‚vr-19;1;0;82039430
mars-19;1;0;82039430
avr-19;2;0;82039430
mai-19;0;0;82039430
juin-19;1;0;82039430
juil-19;0;0;82039430
ao–t-19;0;0;82039430
nov-18;0;0;82039431
d‚c-18;0;0;82039431
janv-19;0;0;82039431
f‚vr-19;1;0;82039431
mars-19;0;0;82039431
avr-19;0;0;82039431
mai-19;0;0;82039431
juin-19;1;0;82039431
juil-19;0;0;82039431
ao–t-19;0;0;82039431
nov-18;0;0;82039433
d‚c-18;0;0;82039433
janv-19;0;0;82039433
f‚vr-19;1;0;82039433
mars-19;0;0;82039433
avr-19;0;0;82039433
mai-19;0;0;82039433
juin-19;0;0;82039433
juil-19;0;0;82039433
ao–t-19;2;0;82039433
nov-18;0;0;82039434
d‚c-18;0;0;82039434
janv-19;0;0;82039434
f‚vr-19;0;0;82039434
mars-19;0;0;82039434
avr-19;1;0;82039434
mai-19;0;0;82039434
juin-19;0;0;82039434
juil-19;1;0;82039434
ao–t-19;0;0;82039434
nov-18;0;0;82041112
d‚c-18;0;0;82041112
janv-19;0;0;82041112
f‚vr-19;0;0;82041112
mars-19;0;0;82041112
avr-19;1;0;82041112
mai-19;0;0;82041112
juin-19;0;0;82041112
juil-19;2;0;82041112
ao–t-19;1;0;82041112
nov-18;0;0;82071354
d‚c-18;0;0;82071354
janv-19;2;0;82071354
f‚vr-19;14;0;82071354
mars-19;23;0;82071354
avr-19;49;0;82071354
mai-19;60;0;82071354
juin-19;70;0;82071354
juil-19;73;0;82071354
ao–t-19;66;0;82071354
nov-18;0;0;82077941
d‚c-18;0;0;82077941
janv-19;0;0;82077941
f‚vr-19;0;0;82077941
mars-19;4;0;82077941
avr-19;7;0;82077941
mai-19;6;0;82077941
juin-19;4;0;82077941
juil-19;5;0;82077941
ao–t-19;14;0;82077941
nov-18;0;0;82079318
d‚c-18;0;0;82079318
janv-19;0;0;82079318
f‚vr-19;0;0;82079318
mars-19;2;0;82079318
avr-19;-1;0;82079318
mai-19;0;0;82079318
juin-19;2;0;82079318
juil-19;0;0;82079318
ao–t-19;0;0;82079318
nov-18;0;0;82090954
d‚c-18;0;0;82090954
janv-19;0;0;82090954
f‚vr-19;0;0;82090954
mars-19;2;0;82090954
avr-19;-2;0;82090954
mai-19;3;0;82090954
juin-19;2;0;82090954
juil-19;-1;0;82090954
ao–t-19;0;0;82090954
nov-18;0;0;82090956
d‚c-18;0;0;82090956
janv-19;0;0;82090956
f‚vr-19;0;0;82090956
mars-19;1;0;82090956
avr-19;8;0;82090956
mai-19;6;0;82090956
juin-19;4;0;82090956
juil-19;11;0;82090956
ao–t-19;3;0;82090956
nov-18;0;0;82090958
d‚c-18;0;0;82090958
janv-19;0;0;82090958
f‚vr-19;0;0;82090958
mars-19;0;0;82090958
avr-19;0;0;82090958
mai-19;6;0;82090958
juin-19;0;0;82090958
juil-19;2;0;82090958
ao–t-19;1;0;82090958
nov-18;0;0;82091014
d‚c-18;0;0;82091014
janv-19;0;0;82091014
f‚vr-19;0;0;82091014
mars-19;0;0;82091014
avr-19;0;0;82091014
mai-19;0;0;82091014
juin-19;1;0;82091014
juil-19;0;0;82091014
ao–t-19;1;0;82091014
nov-18;0;0;82182219
d‚c-18;0;0;82182219
janv-19;0;0;82182219
f‚vr-19;0;0;82182219
mars-19;0;0;82182219
avr-19;0;0;82182219
mai-19;0;0;82182219
juin-19;1;0;82182219
juil-19;4;0;82182219
ao–t-19;3;0;82182219
nov-18;0;0;82187067
d‚c-18;0;0;82187067
janv-19;0;0;82187067
f‚vr-19;0;0;82187067
mars-19;0;0;82187067
avr-19;0;0;82187067
mai-19;0;0;82187067
juin-19;0;0;82187067
juil-19;0;0;82187067
ao–t-19;3;0;82187067
nov-18;0;0;82261679
d‚c-18;0;0;82261679
janv-19;0;0;82261679
f‚vr-19;0;0;82261679
mars-19;0;0;82261679
avr-19;0;0;82261679
mai-19;0;0;82261679
juin-19;0;0;82261679
juil-19;0;0;82261679
ao–t-19;2;0;82261679
